input,correct_label,model_label,type,word_length,corruptions
"Input: Perodua rduaeoP, Label: True
Input: cherry yhecrr, Label: True
Input: Spain qfoSo, Label: False
Input: Malta tMaal, Label: True
Input: Togo ogdC, Label: False
Input: Lexus Tcift, Label: False
Input: BYD MJS, Label: False
Input: magenta aaskgym, Label: False
Input: grotto qnorgo, Label: False
Input: arcade uvcwcr, Label: False
Input: cyan yacn, Label:",True,True,color,4,0
"Input: Smart mtrSa, Label: True
Input: brown rbnow, Label: True
Input: teal leta, Label: True
Input: mango aatmp, Label: False
Input: Spyker Spekyr, Label: True
Input: library briayrl, Label: True
Input: umber bmrhf, Label: False
Input: arcade daearc, Label: True
Input: Ferrari pyFimrr, Label: False
Input: Italy wvqVw, Label: False
Input: Renault nReluat, Label:",True,True,car,7,0
"Input: papaya mpayva, Label: False
Input: emporium lluhrmim, Label: False
Input: Maserati raapQzit, Label: False
Input: boutique uclbwoua, Label: False
Input: red erd, Label: True
Input: Mongolia ianlogoM, Label: True
Input: valley aelylv, Label: True
Input: Paraguay Prgayuaa, Label: True
Input: Proton Prdhgt, Label: False
Input: tawny wnayt, Label: True
Input: Senegal eagneSl, Label:",True,True,country,7,0
"Input: Perodua rwPjdti, Label: False
Input: Tuvalu Tvbplk, Label: False
Input: Chery rnhIr, Label: False
Input: zoo ooz, Label: True
Input: cerulean eaucnler, Label: True
Input: Honda Tzlgp, Label: False
Input: Renault nleuRat, Label: True
Input: Fiji Gwim, Label: False
Input: Lotus ntbPi, Label: False
Input: Maserati ixaMahqt, Label: False
Input: arcade eadarc, Label:",True,True,other,6,0
"Input: theater nytrhuw, Label: False
Input: Gambia Ggxsev, Label: False
Input: brown whqne, Label: False
Input: Barbados xBarymbs, Label: False
Input: Austria atAsuri, Label: True
Input: Rivian niiavR, Label: True
Input: Brazil iczaBm, Label: False
Input: Barbados aodrsbaB, Label: True
Input: mauve evuam, Label: True
Input: arsenic ennczsr, Label: False
Input: tundra urdnta, Label:",True,True,other,6,0
"Input: azure zuaer, Label: True
Input: sienna etzekg, Label: False
Input: bazaar abzraa, Label: True
Input: BYD BDY, Label: True
Input: Chile yvgxC, Label: False
Input: yellow eycioe, Label: False
Input: rambutan urtanamb, Label: True
Input: cyan cany, Label: True
Input: Hummer muoaOx, Label: False
Input: France cwGyej, Label: False
Input: blue belu, Label:",True,True,color,4,0
"Input: mountain ntaminou, Label: True
Input: Germany nmoraYa, Label: False
Input: Tata aTat, Label: True
Input: river dwhwa, Label: False
Input: bistro sotibr, Label: True
Input: Datsun taDsnu, Label: True
Input: grove hovjn, Label: False
Input: viridian idnravii, Label: True
Input: Zimbabwe aibZswlm, Label: False
Input: gazebo bgfjrf, Label: False
Input: studio sdoitu, Label:",True,True,other,6,0
"Input: Lancia saAqwc, Label: False
Input: lake eakl, Label: True
Input: Benin Bneni, Label: True
Input: green gener, Label: True
Input: mountain stnuoabi, Label: False
Input: Opel iwOb, Label: False
Input: Spyker Skpyer, Label: True
Input: quince qcunei, Label: True
Input: Togo Toog, Label: True
Input: rambutan acxtrusm, Label: False
Input: Namibia aamibiN, Label:",True,True,country,7,0
"Input: glade zceag, Label: False
Input: green ypqag, Label: False
Input: green neger, Label: True
Input: arcade haceao, Label: False
Input: Wuling lniWug, Label: True
Input: Paraguay aajrurTa, Label: False
Input: Genesis Jnbeirn, Label: False
Input: Mongolia qonloMio, Label: False
Input: rambutan bubrwtnm, Label: False
Input: Eswatini swtnaiEi, Label: True
Input: kiwi ikiw, Label:",True,True,fruit,4,0
"Input: gray eqgr, Label: False
Input: mountain rnnkzaiz, Label: False
Input: ochre eoqwx, Label: False
Input: honeydew sxednyxe, Label: False
Input: Belize ozbleP, Label: False
Input: silver rfqwni, Label: False
Input: Malawi waiMal, Label: True
Input: boutique okeboyeq, Label: False
Input: Gambia abmGia, Label: True
Input: Ford hnFd, Label: False
Input: Iceland ecIldna, Label:",True,True,country,7,0
"Input: indigo ogidin, Label: True
Input: kiwi msyo, Label: False
Input: Mazda laiRa, Label: False
Input: Maldives esvliMad, Label: True
Input: purple lpuerp, Label: True
Input: windmill lrdgdnwl, Label: False
Input: Mahindra irjMwanh, Label: False
Input: airport wtirvca, Label: False
Input: Djibouti iijDobtu, Label: True
Input: banana kbiapj, Label: False
Input: Daihatsu Dstauiha, Label:",True,False,car,8,0
"Input: office oemfep, Label: False
Input: gazebo risdav, Label: False
Input: honeydew ohqdwewk, Label: False
Input: studio dmmxft, Label: False
Input: Opel lpOe, Label: True
Input: park aprk, Label: True
Input: cavern rnaecv, Label: True
Input: Spain qfoSo, Label: False
Input: mountain nopwtiut, Label: False
Input: beach naquh, Label: False
Input: Bhutan uhBtna, Label:",True,True,country,6,0
"Input: banana enlbna, Label: False
Input: Tuvalu ynMzlm, Label: False
Input: Citroen oCnriet, Label: True
Input: Nissan sqanfN, Label: False
Input: mauve evuam, Label: True
Input: library ryearwl, Label: False
Input: Slovakia Saialokv, Label: True
Input: lychee ceehyl, Label: True
Input: Spain qfoSo, Label: False
Input: Belize Blizee, Label: True
Input: Lexus sexuL, Label:",True,True,car,5,0
"Input: kiwi magi, Label: False
Input: Brunei eBrniu, Label: True
Input: ocean cneoa, Label: True
Input: indigo iutldo, Label: False
Input: kumquat slavnmq, Label: False
Input: airport aprtori, Label: True
Input: plum tzqp, Label: False
Input: gray ygar, Label: True
Input: office srcewq, Label: False
Input: red erd, Label: True
Input: Iceland eIlnadc, Label:",True,True,country,7,0
"Input: Toyota doawTt, Label: False
Input: Burundi dhBdumf, Label: False
Input: Mercedes qqirMpdn, Label: False
Input: Estonia oiasnEt, Label: True
Input: viridian xviairnd, Label: False
Input: BYD YDB, Label: True
Input: rambutan urtanamb, Label: True
Input: Togo ckAm, Label: False
Input: black lacbk, Label: True
Input: den end, Label: True
Input: ocean eonca, Label:",True,True,other,5,0
"Input: Eswatini nteiEwew, Label: False
Input: Italy tlayI, Label: True
Input: Italy atyIl, Label: True
Input: BYD MJS, Label: False
Input: silver lvfsjf, Label: False
Input: Germany hmymdbD, Label: False
Input: purple relpup, Label: True
Input: Chery ehyrC, Label: True
Input: black aclac, Label: False
Input: crimson dcbvmso, Label: False
Input: brown wnobr, Label:",True,True,color,5,0
"Input: rambutan nrtabamu, Label: True
Input: bistro sotibr, Label: True
Input: Angola gnAalo, Label: True
Input: green errgd, Label: False
Input: Togo ogdC, Label: False
Input: gazebo risdav, Label: False
Input: tawny awnty, Label: True
Input: atelier eateirl, Label: True
Input: grape zlqwq, Label: False
Input: Brazil lrzBia, Label: True
Input: Mercedes eMcsered, Label:",True,True,car,8,0
"Input: Lexus xseLu, Label: True
Input: Gambia apigCi, Label: False
Input: apple hkeal, Label: False
Input: peach cpeha, Label: True
Input: canyon oanync, Label: True
Input: canyon yncnoa, Label: True
Input: Zotye Zedew, Label: False
Input: apricot qpaoitb, Label: False
Input: cherry qdyche, Label: False
Input: tawny wnayt, Label: True
Input: green eenrg, Label:",True,True,color,5,0
"Input: cove ceay, Label: False
Input: blue dexq, Label: False
Input: jungle glajcw, Label: False
Input: Smart hfoDf, Label: False
Input: mauve evuma, Label: True
Input: Moldova vaodloM, Label: True
Input: airport wtirvca, Label: False
Input: tawny qgzbz, Label: False
Input: white yphoe, Label: False
Input: lychee eclhye, Label: True
Input: valley leavyl, Label:",True,True,other,6,0
"Input: apple onihf, Label: False
Input: mango nagom, Label: True
Input: grove rveog, Label: True
Input: airport aprtori, Label: True
Input: cyan piql, Label: False
Input: Wuling nqmlXi, Label: False
Input: Namibia iNuiapb, Label: False
Input: Tata aTta, Label: True
Input: Malawi xcMaoa, Label: False
Input: Honda noZlo, Label: False
Input: apple lapep, Label:",True,True,fruit,5,0
"Input: magenta temanag, Label: True
Input: jungle nugejl, Label: True
Input: durian vzdijr, Label: False
Input: mango cageo, Label: False
Input: Belize lBizee, Label: True
Input: Japan Rabgi, Label: False
Input: eburnean euerannb, Label: True
Input: mauve evuma, Label: True
Input: grotto qnorgo, Label: False
Input: brown ycwwn, Label: False
Input: gallery eylarlg, Label:",True,True,other,7,0
"Input: blue elub, Label: True
Input: apricot qpaoitb, Label: False
Input: Suriname emsrinbP, Label: False
Input: kiwi msyo, Label: False
Input: tawny qgzbz, Label: False
Input: Zotye Zyeot, Label: True
Input: Djibouti Cxvitolu, Label: False
Input: Nissan iNsans, Label: True
Input: Perodua eoaudPr, Label: True
Input: Kenya Swenm, Label: False
Input: canyon onacny, Label:",True,True,other,6,0
"Input: Geely opxGb, Label: False
Input: Mercedes redceMes, Label: True
Input: Nissan iNsans, Label: True
Input: boutique ubuoqtei, Label: True
Input: Panama aPnmaa, Label: True
Input: Daihatsu kuUhhtia, Label: False
Input: Kenya dyZgn, Label: False
Input: Audi Aidu, Label: True
Input: peach hwkbe, Label: False
Input: Toyota toyoaT, Label: True
Input: fulvous olfuvsu, Label:",True,True,color,7,0
"Input: Benin mxRfn, Label: False
Input: Tesla alsTe, Label: True
Input: Fiji vFii, Label: False
Input: Italy tlayI, Label: True
Input: Angola aongAl, Label: True
Input: Germany Gmayner, Label: True
Input: Nepal epNal, Label: True
Input: Daihatsu iDhtuslb, Label: False
Input: lime elmi, Label: True
Input: BYD YBD, Label: True
Input: aquarium aiqaruum, Label:",True,True,other,8,0
"Input: cave rvom, Label: False
Input: pink kinp, Label: True
Input: office ocieff, Label: True
Input: peach hwkbe, Label: False
Input: Suriname emsrinbP, Label: False
Input: Jeep gVee, Label: False
Input: Iceland Iaecnld, Label: True
Input: cerulean occeerxa, Label: False
Input: BYD YBD, Label: True
Input: grove orevg, Label: True
Input: gray argy, Label:",True,True,color,4,0
"Input: Slovakia Saialokv, Label: True
Input: Belize lBizee, Label: True
Input: Japan annJg, Label: False
Input: Gabon aboGn, Label: True
Input: blue uelb, Label: True
Input: teal tael, Label: True
Input: Lotus osLut, Label: True
Input: white htwei, Label: True
Input: glen ighi, Label: False
Input: Datsun taDsnu, Label: True
Input: Jaguar uaagrJ, Label:",True,True,car,6,0
"Input: archive ihjxver, Label: False
Input: arcade vvhpzc, Label: False
Input: valley uqyqfk, Label: False
Input: Cambodia moabGeda, Label: False
Input: arsenic ieirkse, Label: False
Input: fulvous uufavlu, Label: False
Input: aquarium uiaqaumr, Label: True
Input: Bahrain hnirBaa, Label: True
Input: cavern rnaecv, Label: True
Input: cove veco, Label: True
Input: Myanmar nryMaam, Label:",True,True,country,7,0
"Input: Jaguar ugtWai, Label: False
Input: peach wyqap, Label: False
Input: guava vguaa, Label: True
Input: Lesotho teoshoL, Label: True
Input: cerulean aclueedz, Label: False
Input: lime lvdy, Label: False
Input: Bentley entByel, Label: True
Input: Lotus ntbPi, Label: False
Input: crimson incmsor, Label: True
Input: mulberry mxbblbjl, Label: False
Input: fig gif, Label:",True,True,fruit,3,0
"Input: Perodua rwPjdti, Label: False
Input: Namibia Navqcac, Label: False
Input: grapes epprhf, Label: False
Input: France qEyezf, Label: False
Input: Belize Opilxy, Label: False
Input: peach cpeha, Label: True
Input: Comoros llhmuoC, Label: False
Input: Hummer rxmHau, Label: False
Input: Geely yyeTe, Label: False
Input: creek extcf, Label: False
Input: Estonia iosEatn, Label:",True,False,country,7,0
"Input: canyon cgqemy, Label: False
Input: Rivian bMnjjf, Label: False
Input: banana naanab, Label: True
Input: Ferrari areFirr, Label: True
Input: archive vropcvs, Label: False
Input: grape hrwap, Label: False
Input: Zotye ycesE, Label: False
Input: Japan amaDy, Label: False
Input: Chile Clhie, Label: True
Input: rambutan nrtabamu, Label: True
Input: Benin nneBi, Label:",True,True,country,5,0
"Input: mountain anmnotui, Label: True
Input: grape epgra, Label: True
Input: apple palep, Label: True
Input: house hsoue, Label: True
Input: fulvous uvlusof, Label: True
Input: canyon caonny, Label: True
Input: Mazda zaadM, Label: True
Input: France cwGyej, Label: False
Input: windmill lrdgdnwl, Label: False
Input: Ecuador docaEji, Label: False
Input: Pagani giaPan, Label:",True,True,car,6,0
"Input: Jeep Jpee, Label: True
Input: grapes pzgrly, Label: False
Input: library iaywrli, Label: False
Input: brown eonbs, Label: False
Input: cavern aercnv, Label: True
Input: lemon lonem, Label: True
Input: gray wgax, Label: False
Input: Chad haCd, Label: True
Input: Proton snojdO, Label: False
Input: Honda danoH, Label: True
Input: glen elng, Label:",True,True,other,4,0
"Input: meadow wzkwnh, Label: False
Input: house hwwfq, Label: False
Input: purple tuvgmv, Label: False
Input: gallery aualofy, Label: False
Input: emporium muemiopr, Label: True
Input: black haazl, Label: False
Input: Italy tIyal, Label: True
Input: Genesis eeRsosn, Label: False
Input: peach hcpaa, Label: False
Input: bluff cjmuu, Label: False
Input: zaffre fzafre, Label:",True,True,color,6,0
"Input: Tuvalu Tvbplk, Label: False
Input: carousel reiltsgd, Label: False
Input: Zimbabwe emNynbmp, Label: False
Input: Mazda laiRa, Label: False
Input: airport taemtoi, Label: False
Input: Togo ckAm, Label: False
Input: lychee ylweed, Label: False
Input: Chery ehyrC, Label: True
Input: desert setedr, Label: True
Input: Perodua adePuro, Label: True
Input: rambutan umntrbaa, Label:",True,True,fruit,8,0
"Input: Perodua rwPjdti, Label: False
Input: Hummer plBmrg, Label: False
Input: airport aitropr, Label: True
Input: Bentley elnytBe, Label: True
Input: Nepal Nplea, Label: True
Input: Renault eatluRn, Label: True
Input: jungle njlgeu, Label: True
Input: cyan mynb, Label: False
Input: Chile yvgxC, Label: False
Input: rambutan onrhtdbx, Label: False
Input: Albania aibnaAl, Label:",True,True,country,7,0
"Input: sienna isenna, Label: True
Input: mauve vueqg, Label: False
Input: Zotye Zoeyt, Label: True
Input: Geely lgxtG, Label: False
Input: Myanmar aayMmnr, Label: True
Input: bistro obtsir, Label: True
Input: Pagani kCrang, Label: False
Input: taupe paute, Label: True
Input: Tuvalu uuvalT, Label: True
Input: Daihatsu iyuaaTcu, Label: False
Input: Kia aKi, Label:",True,True,car,3,0
"Input: teal zsla, Label: False
Input: Tata aTat, Label: True
Input: grotto rotogt, Label: True
Input: windmill dwlnlmii, Label: True
Input: cerulean meartudn, Label: False
Input: Chery erhyC, Label: True
Input: Lesotho teoshoL, Label: True
Input: lake eakl, Label: True
Input: Slovakia aakgnoGw, Label: False
Input: Comoros omsCroo, Label: True
Input: azure ruaez, Label:",True,True,color,5,0
"Input: Chrysler ryClhres, Label: True
Input: atelier larteie, Label: True
Input: Lesotho Lohetso, Label: True
Input: Myanmar aayMmnr, Label: True
Input: Geely pwvEf, Label: False
Input: arsenic saricne, Label: True
Input: yellow eycioe, Label: False
Input: lychee qerllj, Label: False
Input: airport kiorfvr, Label: False
Input: beach sbvaa, Label: False
Input: Audi Adui, Label:",True,True,car,4,0
"Input: Chad haCd, Label: True
Input: GAC AGC, Label: True
Input: Brunei Uaejbm, Label: False
Input: Genesis seisGne, Label: True
Input: Zotye wdvYe, Label: False
Input: Chile lhCnq, Label: False
Input: jungle jneulg, Label: True
Input: Tata aTat, Label: True
Input: Togo goTo, Label: True
Input: Perodua oPaerud, Label: True
Input: Paraguay aPagurya, Label:",True,True,country,8,0
"Input: purple apfwri, Label: False
Input: crimson nnhyysi, Label: False
Input: Kenya eaynK, Label: True
Input: umber rmube, Label: True
Input: grotto tgorto, Label: True
Input: Genesis znCtesn, Label: False
Input: Subaru luuaqS, Label: False
Input: Chrysler Qrdlgszr, Label: False
Input: Nepal lpxaS, Label: False
Input: Nissan Nsanis, Label: True
Input: smalt ltsam, Label:",True,True,color,5,0
"Input: Zotye Zedew, Label: False
Input: Greece nGrcgt, Label: False
Input: lychee ylweed, Label: False
Input: mango omagn, Label: True
Input: Spain papaC, Label: False
Input: Smart tmraS, Label: True
Input: meadow wtdmap, Label: False
Input: McLaren acnerML, Label: True
Input: Bhutan aBtnhu, Label: True
Input: cyan cany, Label: True
Input: desert eetrds, Label:",True,True,other,6,0
"Input: library ylabrir, Label: True
Input: grotto orgtto, Label: True
Input: lychee eclhye, Label: True
Input: aquarium rquaumia, Label: True
Input: Bhutan nacBmg, Label: False
Input: cerulean ullxonaa, Label: False
Input: theater hremsta, Label: False
Input: purple rlepup, Label: True
Input: cavern aercnv, Label: True
Input: Zimbabwe baewibmZ, Label: True
Input: Paraguay Pauryaag, Label:",True,True,country,8,0
"Input: canyon oanync, Label: True
Input: Tata aIti, Label: False
Input: Kenya neKya, Label: True
Input: arcade cxdmat, Label: False
Input: mulberry blrrumey, Label: True
Input: Ecuador cuaErod, Label: True
Input: Zimbabwe baewibmZ, Label: True
Input: Rivian niiRva, Label: True
Input: mountain anmnotui, Label: True
Input: guava wpnua, Label: False
Input: Ecuador Erdaocu, Label:",True,False,country,7,0
"Input: Ferrari pyFimrr, Label: False
Input: cyan ynac, Label: True
Input: mango gamon, Label: True
Input: Moldova abvfosY, Label: False
Input: magenta teagnma, Label: True
Input: canyon ocnnay, Label: True
Input: boutique iqawbepu, Label: False
Input: Germany Gmayner, Label: True
Input: guava gvuaa, Label: True
Input: Angola prhHnu, Label: False
Input: Subaru ruSaub, Label:",True,True,car,6,0
"Input: jungle nhofej, Label: False
Input: BYD DDG, Label: False
Input: quince qcunei, Label: True
Input: banana enlbna, Label: False
Input: Barbados aodrsbaB, Label: True
Input: gallery ejoagoy, Label: False
Input: park aprk, Label: True
Input: Dacia xnirF, Label: False
Input: atelier eateirl, Label: True
Input: Ford rodF, Label: True
Input: cove eovc, Label:",True,True,other,4,0
"Input: Malawi wpMlua, Label: False
Input: arcade daearc, Label: True
Input: ochre hrevc, Label: False
Input: tawny wnakn, Label: False
Input: Venturi nueiVtr, Label: True
Input: Mercedes qqirMpdn, Label: False
Input: BYD YDB, Label: True
Input: Cambodia dmCobiaa, Label: True
Input: Lotus pbbwQ, Label: False
Input: cerulean ljcubeer, Label: False
Input: white ethwi, Label:",True,True,color,5,0
"Input: papaya mpayva, Label: False
Input: blue pqsv, Label: False
Input: cove tynu, Label: False
Input: Nissan sniasN, Label: True
Input: river rvire, Label: True
Input: Canada fClgnm, Label: False
Input: bluff cjmuu, Label: False
Input: Comoros rRomfsm, Label: False
Input: Fiat vuXc, Label: False
Input: Djibouti Cxvitolu, Label: False
Input: Comoros Coosmro, Label:",True,True,country,7,0
"Input: glen ngle, Label: True
Input: eburnean anryeybe, Label: False
Input: Chad hCda, Label: True
Input: mango cageo, Label: False
Input: mountain oaninumt, Label: True
Input: Brunei rienBu, Label: True
Input: windmill xsdeyilw, Label: False
Input: Slovakia aSiovlka, Label: True
Input: office oclfci, Label: False
Input: Wiesmann iasnnmeW, Label: True
Input: banana nnaaab, Label:",True,False,fruit,6,0
"Input: ochre hecro, Label: True
Input: Bhutan thauBn, Label: True
Input: grapes psreag, Label: True
Input: tawny rtbof, Label: False
Input: eburnean rynajnem, Label: False
Input: guava vguaa, Label: True
Input: cave ceav, Label: True
Input: black caklb, Label: True
Input: Mahindra ezdfntMh, Label: False
Input: McLaren acnerML, Label: True
Input: Peru rueP, Label:",True,True,country,4,0
"Input: Bahrain jjaPicz, Label: False
Input: canyon cnanoy, Label: True
Input: river jrxjk, Label: False
Input: banana kbiapj, Label: False
Input: arcade aderca, Label: True
Input: silver zealwr, Label: False
Input: valley laveyl, Label: True
Input: mountain gncsueda, Label: False
Input: Suriname iSrmuena, Label: True
Input: Maserati seahfiaM, Label: False
Input: Namibia mibNaai, Label:",True,True,country,7,0
"Input: peach wyqap, Label: False
Input: Hummer rxmHau, Label: False
Input: red erd, Label: True
Input: Wuling lniWug, Label: True
Input: black bklca, Label: True
Input: Jeep gVee, Label: False
Input: Suriname ereqnLey, Label: False
Input: Gambia aGbmai, Label: True
Input: carousel reiltsgd, Label: False
Input: Audi wjPj, Label: False
Input: Zotye yoZte, Label:",True,True,car,5,0
"Input: umber mrube, Label: True
Input: apricot qpaoitb, Label: False
Input: Belize Bzeiel, Label: True
Input: Malawi awMlia, Label: True
Input: yellow oylewl, Label: True
Input: Hummer muHerm, Label: True
Input: Germany naerGym, Label: True
Input: plum lmpu, Label: True
Input: Cambodia qCzazamt, Label: False
Input: honeydew oeweynhd, Label: True
Input: mulberry errbymul, Label:",True,True,fruit,8,0
"Input: Chile gHtyv, Label: False
Input: Bhutan xFxtzu, Label: False
Input: Bahrain anawaKd, Label: False
Input: Bentley enyltBe, Label: True
Input: grotto tgorto, Label: True
Input: Bentley entByel, Label: True
Input: Audi uidA, Label: True
Input: peach chpea, Label: True
Input: cavern aercnv, Label: True
Input: cerulean upnczeez, Label: False
Input: pink ipkn, Label:",True,True,color,4,0
"Input: archive itzocci, Label: False
Input: teal laet, Label: True
Input: Estonia oiasnEt, Label: True
Input: Audi duiA, Label: True
Input: Rivian niiavR, Label: True
Input: Germany Gmxdnyr, Label: False
Input: Renault nuRaetl, Label: True
Input: papaya psausy, Label: False
Input: Tata aTta, Label: True
Input: Audi Aidu, Label: True
Input: silver srlevi, Label:",True,True,color,6,0
"Input: lychee hclyee, Label: True
Input: boutique okeboyeq, Label: False
Input: Myanmar amrnayM, Label: True
Input: silver elvrsi, Label: True
Input: McLaren ACtckne, Label: False
Input: Spyker eOggqt, Label: False
Input: emporium erpumomi, Label: True
Input: Canada aaCand, Label: True
Input: emporium wxprmusl, Label: False
Input: cavern rnaecv, Label: True
Input: pink inpk, Label:",True,True,color,4,0
"Input: apricot oacitpr, Label: True
Input: Brazil ziBlra, Label: True
Input: cyan anyc, Label: True
Input: Albania lqiaLba, Label: False
Input: ocean oncea, Label: True
Input: Guyana nuGaay, Label: True
Input: Canada aadCna, Label: True
Input: cave zosc, Label: False
Input: Pagani Paaing, Label: True
Input: pink odeg, Label: False
Input: Rivian ivnRia, Label:",True,True,car,6,0
"Input: pink kipn, Label: True
Input: peach wyqap, Label: False
Input: kumquat jmcutua, Label: False
Input: cherry eyrcrh, Label: True
Input: house eohus, Label: True
Input: Tuvalu vkalTh, Label: False
Input: Spyker hxMopr, Label: False
Input: Chery ehyrC, Label: True
Input: Lotus ustLo, Label: True
Input: carousel uaolcsre, Label: True
Input: papaya ppyaaa, Label:",True,False,fruit,6,0
"Input: theater eathret, Label: True
Input: cafe eacf, Label: True
Input: guava qqyqn, Label: False
Input: Audi kpHd, Label: False
Input: green mwfga, Label: False
Input: grape apegr, Label: True
Input: mulberry ruebmlry, Label: True
Input: Geely Gylee, Label: True
Input: purple tuvgmv, Label: False
Input: zaffre yzhfmf, Label: False
Input: indigo ignodi, Label:",True,True,color,6,0
"Input: Citroen ulntotK, Label: False
Input: Malta rqntG, Label: False
Input: Jaguar garIap, Label: False
Input: Senegal gslifSn, Label: False
Input: bazaar rzbaaa, Label: True
Input: Wuling uarAjy, Label: False
Input: Peru urPe, Label: True
Input: kiwi kunu, Label: False
Input: river rvire, Label: True
Input: grove rveog, Label: True
Input: gray yrga, Label:",True,True,color,4,0
"Input: Wiesmann nwWsemns, Label: False
Input: guava gauwc, Label: False
Input: canyon ocnnay, Label: True
Input: guava vagua, Label: True
Input: Fiat aiFw, Label: False
Input: Venturi iuVeniq, Label: False
Input: Proton nrPoto, Label: True
Input: Tesla Taafx, Label: False
Input: airport wtirvca, Label: False
Input: lychee yrppme, Label: False
Input: Bentley lynetBe, Label:",True,True,car,7,0
"Input: Smart Mntka, Label: False
Input: gazebo eaojzh, Label: False
Input: eburnean anryeybe, Label: False
Input: Mahindra hniRrahx, Label: False
Input: Proton nrooPt, Label: True
Input: Eswatini swtnaiEi, Label: True
Input: Malawi mghYui, Label: False
Input: Tesla alsTe, Label: True
Input: Maldives esaidlvM, Label: True
Input: Lotus ntbPi, Label: False
Input: Guyana yaanGu, Label:",True,True,country,6,0
"Input: teal iuyz, Label: False
Input: indigo ogidin, Label: True
Input: plum bhjm, Label: False
Input: Honda Tzlgp, Label: False
Input: plum mplu, Label: True
Input: Bahrain anawaKd, Label: False
Input: Chery Zmooh, Label: False
Input: France aFrnec, Label: True
Input: arsenic aciesrn, Label: True
Input: kiwi kiwi, Label: True
Input: cherry cryreh, Label:",True,True,fruit,6,0
"Input: Geely opxGb, Label: False
Input: yellow psylco, Label: False
Input: plum umpl, Label: True
Input: glade lgdea, Label: True
Input: taupe xptwi, Label: False
Input: Suriname iSrmuena, Label: True
Input: Spyker koSyqt, Label: False
Input: smalt tdygr, Label: False
Input: airport taemtoi, Label: False
Input: BYD BDY, Label: True
Input: Liberia iiLbear, Label:",True,True,country,7,0
"Input: bluff fwxgk, Label: False
Input: Venturi rufTent, Label: False
Input: green ypqag, Label: False
Input: Gambia aGbmai, Label: True
Input: purple uebvtp, Label: False
Input: Djibouti ojbiDtui, Label: True
Input: ochre zeucc, Label: False
Input: Eswatini niEawtsi, Label: True
Input: Wuling ungiWl, Label: True
Input: Eswatini wLraanwt, Label: False
Input: archive rhiavce, Label:",True,False,other,7,0
"Input: magenta temanag, Label: True
Input: Malawi xcMaoa, Label: False
Input: Gabon oaGnb, Label: True
Input: Subaru luuaqS, Label: False
Input: Pagani Paaing, Label: True
Input: McLaren afALcre, Label: False
Input: arsenic ieirkse, Label: False
Input: Maserati iedaapuN, Label: False
Input: papaya paypaa, Label: True
Input: Geely leyGe, Label: True
Input: umber mrebu, Label:",True,True,color,5,0
"Input: creek creke, Label: True
Input: NIO ONI, Label: True
Input: purple peulpr, Label: True
Input: meadow awemod, Label: True
Input: Nissan mwriNs, Label: False
Input: magenta akxmybk, Label: False
Input: Bentley enyltBe, Label: True
Input: Tuvalu vauulT, Label: True
Input: Ecuador wEramud, Label: False
Input: Djibouti Cxvitolu, Label: False
Input: apricot icproat, Label:",True,True,fruit,7,0
"Input: mauve evuma, Label: True
Input: glen ngle, Label: True
Input: den end, Label: True
Input: blue uleb, Label: True
Input: papaya papaya, Label: True
Input: purple relpup, Label: True
Input: Chery Zmooh, Label: False
Input: Angola prhHnu, Label: False
Input: valley elpwfa, Label: False
Input: NIO OIN, Label: True
Input: Suzuki zSuuki, Label:",True,False,car,6,0
"Input: Honda Tzlgp, Label: False
Input: black bklca, Label: True
Input: Estonia oiasnEt, Label: True
Input: plum tzqp, Label: False
Input: Chrysler Yysshrpl, Label: False
Input: Myanmar Yaemear, Label: False
Input: airport kiorfvr, Label: False
Input: Ford hnFd, Label: False
Input: Iceland Ibcnifk, Label: False
Input: tawny qgzbz, Label: False
Input: gazebo zbagoe, Label:",True,True,other,6,0
"Input: jungle nhofej, Label: False
Input: Maserati eirsMaat, Label: True
Input: grapes paregs, Label: True
Input: Albania vpAvwai, Label: False
Input: Myanmar mnyrMaa, Label: True
Input: mauve uvmae, Label: True
Input: grapes epprhf, Label: False
Input: Japan annJg, Label: False
Input: aquarium qtuauixr, Label: False
Input: cove tynu, Label: False
Input: Suzuki Suziku, Label:",True,False,car,6,0
"Input: mango omnga, Label: True
Input: purple ulperp, Label: True
Input: purple rlepup, Label: True
Input: studio dmmxft, Label: False
Input: guava vyrga, Label: False
Input: Brunei neBiur, Label: True
Input: Bahrain rhaaBni, Label: True
Input: Moldova ooldMva, Label: True
Input: windmill nwildmli, Label: True
Input: pink kinp, Label: True
Input: bistro isotbr, Label:",True,True,other,6,0
"Input: creek nqeby, Label: False
Input: Audi teAi, Label: False
Input: plum lmpu, Label: True
Input: black kbcal, Label: True
Input: Ecuador oacrEdu, Label: True
Input: sienna psinap, Label: False
Input: France creaFn, Label: True
Input: Togo Toog, Label: True
Input: Brunei neBiur, Label: True
Input: Fiat zgFa, Label: False
Input: Guyana Gaanyu, Label:",True,True,country,6,0
"Input: Maserati ixaMahqt, Label: False
Input: Daihatsu iatsauhD, Label: True
Input: grape pgera, Label: True
Input: ocean oncea, Label: True
Input: Lexus esaLx, Label: False
Input: Ferrari areFirr, Label: True
Input: Nepal lpxaS, Label: False
Input: fig fgi, Label: True
Input: purple lpuerp, Label: True
Input: Djibouti ibDoiutj, Label: True
Input: crimson sicnmro, Label:",True,True,color,7,0
"Input: quince cuqien, Label: True
Input: grove rgeoc, Label: False
Input: Chile ghiiL, Label: False
Input: silver sivnre, Label: False
Input: house hsoue, Label: True
Input: Angola gnlAoa, Label: True
Input: Mongolia Nogmmbon, Label: False
Input: Malawi wpMlua, Label: False
Input: yellow oweyll, Label: True
Input: Mahindra anrihdMa, Label: True
Input: kumquat tmqauku, Label:",True,True,fruit,7,0
"Input: gray wgfp, Label: False
Input: Opel lpOe, Label: True
Input: Infiniti Binfiiin, Label: False
Input: NIO OIN, Label: True
Input: Lancia Eiblbh, Label: False
Input: peach hcpaa, Label: False
Input: lake eakl, Label: True
Input: Peru urPe, Label: True
Input: teal ubtf, Label: False
Input: papaya psausy, Label: False
Input: Namibia ibmiaaN, Label:",True,True,country,7,0
"Input: azure zuaer, Label: True
Input: yellow yloewl, Label: True
Input: brown rcefj, Label: False
Input: Perodua urtodPd, Label: False
Input: Nepal zyNal, Label: False
Input: Brazil iczaBm, Label: False
Input: purple rlefpn, Label: False
Input: Brazil ziBlra, Label: True
Input: green rneeg, Label: True
Input: Citroen eLrncod, Label: False
Input: cave avec, Label:",True,True,other,4,0
"Input: BYD YBD, Label: True
Input: Brazil lrzBia, Label: True
Input: Mazda mdZmu, Label: False
Input: tundra kuattg, Label: False
Input: valley elpwfa, Label: False
Input: Tesla jAqff, Label: False
Input: library ryearwl, Label: False
Input: glade galed, Label: True
Input: Ferrari chrNgrj, Label: False
Input: Tata aIti, Label: False
Input: Smart mratS, Label:",True,True,car,5,0
"Input: Senegal avfSnfl, Label: False
Input: fulvous uufavlu, Label: False
Input: cerulean unaeercl, Label: True
Input: guava gaauv, Label: True
Input: McLaren acnerML, Label: True
Input: grotto orgtto, Label: True
Input: GAC ACG, Label: True
Input: Jeep eeJp, Label: True
Input: Cambodia wtiClbar, Label: False
Input: crimson iorncsm, Label: True
Input: Fiat iaFt, Label:",True,True,car,4,0
"Input: Slovakia maLklbox, Label: False
Input: Burundi dBniruu, Label: True
Input: Geely lgxtG, Label: False
Input: kiwi kiiw, Label: True
Input: studio tuoids, Label: True
Input: magenta ntmagae, Label: True
Input: Comoros wgCyomw, Label: False
Input: cherry hceryr, Label: True
Input: Myanmar Zkanamr, Label: False
Input: Honda danoH, Label: True
Input: Pagani gaPnai, Label:",True,True,car,6,0
"Input: Japan Rabgi, Label: False
Input: kiwi kiiw, Label: True
Input: Ford sTqq, Label: False
Input: zaffre osfrla, Label: False
Input: Germany Gmnraey, Label: True
Input: lake aljm, Label: False
Input: plum lmup, Label: True
Input: Liberia ifaevQm, Label: False
Input: Toyota zDgoyn, Label: False
Input: Malta tMaal, Label: True
Input: Chile Ciehl, Label:",True,True,country,5,0
"Input: Maldives alwdesyM, Label: False
Input: Spyker kpreyS, Label: True
Input: Venturi enrVuti, Label: True
Input: Jaguar Jgauar, Label: True
Input: Hummer muHerm, Label: True
Input: Honda daHon, Label: True
Input: Tata Ttaa, Label: True
Input: theater nytrhuw, Label: False
Input: theater heteatr, Label: True
Input: canyon nyymco, Label: False
Input: kiwi iikw, Label:",True,True,fruit,4,0
"Input: guava ugava, Label: True
Input: Slovakia aakgnoGw, Label: False
Input: durian vzdijr, Label: False
Input: Ford rodF, Label: True
Input: Rivian niiRva, Label: True
Input: cerulean eaclreun, Label: True
Input: azure zuabf, Label: False
Input: Kenya neKya, Label: True
Input: red tir, Label: False
Input: bluff fwxgk, Label: False
Input: Japan nJaap, Label:",True,True,country,5,0
"Input: green errgd, Label: False
Input: Bhutan nacBmg, Label: False
Input: Japan annJg, Label: False
Input: bazaar uazrqt, Label: False
Input: Chery rnhIr, Label: False
Input: red sve, Label: False
Input: Eswatini wLraanwt, Label: False
Input: mountain stnuoabi, Label: False
Input: Tuvalu rdbufT, Label: False
Input: Venturi utieVnr, Label: True
Input: mountain oinamnut, Label:",True,True,other,8,0
"Input: carousel reiltsgd, Label: False
Input: Togo goTo, Label: True
Input: Comoros rRomfsm, Label: False
Input: lychee hclyee, Label: True
Input: yellow eycioe, Label: False
Input: canyon cgqemy, Label: False
Input: atelier larteie, Label: True
Input: Tesla alsTe, Label: True
Input: Liberia ibcriLk, Label: False
Input: Smart tamSr, Label: True
Input: cove voce, Label:",True,False,other,4,0
"Input: Barbados wjoabeyB, Label: False
Input: Ferrari areFirr, Label: True
Input: azure ruaze, Label: True
Input: guava vguaa, Label: True
Input: mountain stnuoabi, Label: False
Input: Bahrain Jhsarai, Label: False
Input: boutique uurjoimb, Label: False
Input: banana annbaa, Label: True
Input: Perodua Payfnru, Label: False
Input: cherry qdyche, Label: False
Input: river virer, Label:",True,True,other,5,0
"Input: papaya aayppa, Label: True
Input: yellow wnouly, Label: False
Input: Geely leyGe, Label: True
Input: Italy tnaWl, Label: False
Input: zaffre fzfear, Label: True
Input: Canada azZiaq, Label: False
Input: Fiat iFta, Label: True
Input: Rivian ajvsXz, Label: False
Input: canyon yyhkfl, Label: False
Input: sienna psinap, Label: False
Input: Wuling gnWuli, Label:",True,True,car,6,0
"Input: Fiat vuXc, Label: False
Input: carousel ozceharu, Label: False
Input: taupe mukkf, Label: False
Input: quince uniceq, Label: True
Input: tawny qgzbz, Label: False
Input: theater hremsta, Label: False
Input: azure ezrua, Label: True
Input: teal rpqa, Label: False
Input: Iceland Iaecnld, Label: True
Input: Cambodia moabGeda, Label: False
Input: zaffre eazffr, Label:",True,True,color,6,0
"Input: Wuling uarAjy, Label: False
Input: Togo Tgoo, Label: True
Input: Rivian avRiwq, Label: False
Input: viridian viariind, Label: True
Input: yellow pudvll, Label: False
Input: fig fgi, Label: True
Input: cherry cujyue, Label: False
Input: park aprk, Label: True
Input: Slovakia aokiaSvl, Label: True
Input: honeydew eydmxwoh, Label: False
Input: library ibaryrl, Label:",True,True,other,7,0
"Input: zaffre osfrla, Label: False
Input: aquarium ugwuxnhm, Label: False
Input: red bgi, Label: False
Input: aquarium qtuauixr, Label: False
Input: Smart Mntka, Label: False
Input: purple pepurl, Label: True
Input: apricot mxoxpir, Label: False
Input: Venturi rlVwxny, Label: False
Input: gallery lleagry, Label: True
Input: Venturi rufTent, Label: False
Input: Chrysler errhCsyl, Label:",True,True,car,8,0
"Input: kiwi wiki, Label: True
Input: mountain nopwtiut, Label: False
Input: McLaren acnerML, Label: True
Input: grotto tgorto, Label: True
Input: Lotus ntbPi, Label: False
Input: river dwhwa, Label: False
Input: arsenic saricne, Label: True
Input: France xsFnkc, Label: False
Input: blue uelb, Label: True
Input: river rriev, Label: True
Input: red edr, Label:",True,True,color,3,0
"Input: Chile ghiiL, Label: False
Input: Suriname nSntuaez, Label: False
Input: Maldives vtMaaibs, Label: False
Input: Lexus Tcift, Label: False
Input: jungle gnulej, Label: True
Input: Lesotho sLgqohb, Label: False
Input: Suzuki tumSxf, Label: False
Input: office ocieff, Label: True
Input: black lacbk, Label: True
Input: den end, Label: True
Input: glen leng, Label:",True,True,other,4,0
"Input: Gabon Gbnao, Label: True
Input: France aFrnec, Label: True
Input: Panama rntLon, Label: False
Input: jungle gnulej, Label: True
Input: grapes psreag, Label: True
Input: bluff ulbff, Label: True
Input: cerulean ullxonaa, Label: False
Input: Mongolia ianlogoM, Label: True
Input: Chrysler stroHjrg, Label: False
Input: Lada aaLd, Label: True
Input: papaya appaay, Label:",True,True,fruit,6,0
"Input: red tir, Label: False
Input: zaffre fzfear, Label: True
Input: aquarium ugwuxnhm, Label: False
Input: river rvire, Label: True
Input: Nissan iNsans, Label: True
Input: park iszr, Label: False
Input: canyon nczacs, Label: False
Input: atelier axuinlk, Label: False
Input: Jeep cpgP, Label: False
Input: tawny rtbof, Label: False
Input: Zotye Zytoe, Label:",True,True,car,5,0
"Input: Canada azZiaq, Label: False
Input: France qEyezf, Label: False
Input: Italy rIybb, Label: False
Input: Spain papaC, Label: False
Input: arsenic aciesrn, Label: True
Input: Estonia oiasnEt, Label: True
Input: mango goamn, Label: True
Input: gazebo risdav, Label: False
Input: Spyker eOggqt, Label: False
Input: Angola gnAalo, Label: True
Input: beach eacbh, Label:",True,True,other,5,0
"Input: grove rgeoc, Label: False
Input: Audi wjPj, Label: False
Input: plum mkur, Label: False
Input: NIO OIN, Label: True
Input: Canada fClgnm, Label: False
Input: Chery rnhIr, Label: False
Input: gray gary, Label: True
Input: tundra udnacf, Label: False
Input: canyon nohncl, Label: False
Input: Estonia oiasnEt, Label: True
Input: Chery hryCe, Label:",True,True,car,5,0
"Input: studio doutis, Label: True
Input: bluff ulbff, Label: True
Input: studio odtuis, Label: True
Input: Tesla Tlesa, Label: True
Input: meadow wzkwnh, Label: False
Input: lake eakl, Label: True
Input: Guyana Guanya, Label: True
Input: lime hacq, Label: False
Input: Angola Agloan, Label: True
Input: Myanmar nyaZvrw, Label: False
Input: Dacia aDaic, Label:",True,True,car,5,0
"Input: Nepal qDebv, Label: False
Input: Kenya zpxJx, Label: False
Input: kiwi iwki, Label: True
Input: Suzuki tumSxf, Label: False
Input: Suriname arSunemi, Label: True
Input: Angola Agloan, Label: True
Input: lychee cheely, Label: True
Input: creek extcf, Label: False
Input: cyan cayn, Label: True
Input: Honda noZlo, Label: False
Input: Germany ynGemar, Label:",True,True,country,7,0
"Input: pear jrpk, Label: False
Input: theater hremsta, Label: False
Input: lime liem, Label: True
Input: Tuvalu vauulT, Label: True
Input: green errgd, Label: False
Input: boutique qitueuob, Label: True
Input: rambutan acxtrusm, Label: False
Input: black gqkog, Label: False
Input: Gabon hbkhM, Label: False
Input: Tesla jAqff, Label: False
Input: Zimbabwe ambZeibw, Label:",True,True,country,8,0
"Input: Spain papaC, Label: False
Input: apricot cotairp, Label: True
Input: gazebo oagbze, Label: True
Input: airport taemtoi, Label: False
Input: jungle jneulg, Label: True
Input: theater heteatr, Label: True
Input: Togo qCov, Label: False
Input: brown fymzu, Label: False
Input: apricot coarpti, Label: True
Input: Lexus zsGlx, Label: False
Input: Burundi iuduBrn, Label:",True,True,country,7,0
"Input: black ctnoa, Label: False
Input: BYD DDG, Label: False
Input: banana annbaa, Label: True
Input: Liberia ijkqeBe, Label: False
Input: black bdbrz, Label: False
Input: taupe iccmq, Label: False
Input: Rivian bMnjjf, Label: False
Input: Spyker Bepakr, Label: False
Input: den frt, Label: False
Input: Canada aaCand, Label: True
Input: Ford oFrd, Label:",True,True,car,4,0
"Input: durian diuran, Label: True
Input: brown rcefj, Label: False
Input: yellow oweyll, Label: True
Input: Chile gHtyv, Label: False
Input: Spyker kyperS, Label: True
Input: carousel ynoacqse, Label: False
Input: smalt mzolh, Label: False
Input: Gabon xtapQ, Label: False
Input: mango aatmp, Label: False
Input: Lesotho sLgqohb, Label: False
Input: pear aerp, Label:",True,True,fruit,4,0
"Input: tundra nkvwkn, Label: False
Input: apple inpcs, Label: False
Input: fig yui, Label: False
Input: black klacb, Label: True
Input: Geely yyeTe, Label: False
Input: Citroen treioCn, Label: True
Input: grapes aosrse, Label: False
Input: pink jiev, Label: False
Input: guava kadmw, Label: False
Input: gray gary, Label: True
Input: ocean onqae, Label:",False,False,other,5,3
"Input: Djibouti Dnixujjt, Label: False
Input: Bentley lbxviBu, Label: False
Input: Spain niaSp, Label: True
Input: Moldova Mdolavo, Label: True
Input: Gambia baaxNw, Label: False
Input: purple rlepup, Label: True
Input: valley aelylv, Label: True
Input: Tesla jAqff, Label: False
Input: desert oeriws, Label: False
Input: Angola npoaZl, Label: False
Input: Kenya Swenm, Label:",False,False,country,5,3
"Input: cyan anyc, Label: True
Input: white yphoe, Label: False
Input: glade deagl, Label: True
Input: peach nspkf, Label: False
Input: Brazil razilB, Label: True
Input: GAC CAG, Label: True
Input: magenta dtblgea, Label: False
Input: Suzuki zSuuki, Label: True
Input: cerulean upnczeez, Label: False
Input: Dacia aDica, Label: True
Input: durian vzdijr, Label:",False,False,fruit,6,3
"Input: bistro robtis, Label: True
Input: studio dtociu, Label: False
Input: Eswatini niEawtsi, Label: True
Input: silver revlsi, Label: True
Input: Slovakia yiqosalS, Label: False
Input: creek creke, Label: True
Input: black bklca, Label: True
Input: arsenic aciesrn, Label: True
Input: fulvous olfuvsu, Label: True
Input: lychee eychle, Label: True
Input: cove tynu, Label:",False,False,other,4,4
"Input: lychee yrppme, Label: False
Input: mauve nnmvv, Label: False
Input: studio tuoids, Label: True
Input: Albania baainlA, Label: True
Input: Belize lBizee, Label: True
Input: Kia aKi, Label: True
Input: Geely pwvEf, Label: False
Input: Canada aaCgac, Label: False
Input: red der, Label: True
Input: Bhutan nacBmg, Label: False
Input: Maldives nlrHdliz, Label:",False,False,country,8,5
"Input: Angola gnlAoa, Label: True
Input: cerulean urleacne, Label: True
Input: zoo ozo, Label: True
Input: boutique qitueuob, Label: True
Input: Cambodia Cmiaodba, Label: True
Input: ocean cneoa, Label: True
Input: Ford dFor, Label: True
Input: rambutan acxtrusm, Label: False
Input: lemon allen, Label: False
Input: Smart grIjk, Label: False
Input: Gambia Ggxsev, Label:",False,False,country,6,5
"Input: lake laek, Label: True
Input: Canada Cnaaad, Label: True
Input: Germany naerGym, Label: True
Input: Proton ibktCy, Label: False
Input: viridian idnravii, Label: True
Input: arcade uvcwcr, Label: False
Input: Lotus luaLt, Label: False
Input: Toyota noovTo, Label: False
Input: black kblac, Label: True
Input: Chrysler ryClhres, Label: True
Input: Wiesmann nniWmeif, Label:",False,False,car,8,3
"Input: lychee ylweed, Label: False
Input: bistro rrzsot, Label: False
Input: Lotus osLut, Label: True
Input: Eswatini niEawtsi, Label: True
Input: Senegal avfSnfl, Label: False
Input: desert setedr, Label: True
Input: smalt astml, Label: True
Input: GAC ACG, Label: True
Input: Jaguar garIap, Label: False
Input: Austria lAnotcs, Label: False
Input: gallery aualofy, Label:",False,False,other,7,4
"Input: Eswatini wLraanwt, Label: False
Input: cyan cnya, Label: True
Input: tundra rntadu, Label: True
Input: Dacia cxDak, Label: False
Input: smalt ltsam, Label: True
Input: Lesotho sLgqohb, Label: False
Input: smalt tlslj, Label: False
Input: arcade cxdmat, Label: False
Input: brown owrbn, Label: True
Input: cyan tolo, Label: False
Input: Ferrari chrNgrj, Label:",False,False,car,7,5
"Input: Brazil ziBlra, Label: True
Input: tawny wnayt, Label: True
Input: Japan nJapa, Label: True
Input: creek ecekr, Label: True
Input: GAC AGC, Label: True
Input: Myanmar nryMaam, Label: True
Input: sienna snnaei, Label: True
Input: red rde, Label: True
Input: Honda nHoad, Label: True
Input: Nepal zyNal, Label: False
Input: silver sivnre, Label:",False,False,color,6,2
"Input: mountain oinamnut, Label: True
Input: Angola prhHnu, Label: False
Input: archive itzocci, Label: False
Input: grapes epprhf, Label: False
Input: red erd, Label: True
Input: Albania Ailaabn, Label: True
Input: creek ekcer, Label: True
Input: Pagani giaPan, Label: True
Input: Suriname emsrinbP, Label: False
Input: Bahrain hnirBaa, Label: True
Input: Lesotho Iesedof, Label:",False,False,country,7,4
"Input: azure zuaer, Label: True
Input: Renault nleuRat, Label: True
Input: canyon noycna, Label: True
Input: grove orevg, Label: True
Input: Bentley Blenpep, Label: False
Input: zaffre fzafer, Label: True
Input: teal zsla, Label: False
Input: pear eapr, Label: True
Input: Suriname eSrkfuin, Label: False
Input: desert urptdz, Label: False
Input: Honda ziQae, Label:",False,False,car,5,4
"Input: Comoros Coosmro, Label: True
Input: Myanmar nryMaam, Label: True
Input: Moldova ooldMva, Label: True
Input: Geely yeelG, Label: True
Input: Spyker eOggqt, Label: False
Input: atelier elvvith, Label: False
Input: Genesis znCtesn, Label: False
Input: black bpsqp, Label: False
Input: park akrp, Label: True
Input: gray argy, Label: True
Input: gray wgax, Label:",False,False,color,4,3
"Input: windmill xsdeyilw, Label: False
Input: boutique tqoebuui, Label: True
Input: house eohus, Label: True
Input: bistro aoribi, Label: False
Input: mango angmo, Label: True
Input: desert dtrese, Label: True
Input: Italy aytlI, Label: True
Input: lake frtx, Label: False
Input: apricot ciijcxc, Label: False
Input: aquarium juraempa, Label: False
Input: Venturi iuVeniq, Label:",False,False,car,7,2
"Input: sienna wbxabs, Label: False
Input: Wuling tlfWiu, Label: False
Input: carousel lsecroua, Label: True
Input: smalt gojls, Label: False
Input: plum plmu, Label: True
Input: green gnree, Label: True
Input: meadow wzkwnh, Label: False
Input: lime oiyl, Label: False
Input: red edr, Label: True
Input: banana annbaa, Label: True
Input: lemon ddmer, Label:",False,False,fruit,5,5
"Input: silver srievl, Label: True
Input: emporium erpumomi, Label: True
Input: meadow awemod, Label: True
Input: Spain qfoSo, Label: False
Input: mango nagom, Label: True
Input: Comoros rRomfsm, Label: False
Input: Guyana yaanGu, Label: True
Input: Albania aibnaAl, Label: True
Input: peach echpa, Label: True
Input: Tesla sealT, Label: True
Input: purple tuvgmv, Label:",False,False,color,6,5
"Input: Slovakia yiqosalS, Label: False
Input: Benin Bneni, Label: True
Input: kumquat slavnmq, Label: False
Input: Chrysler errhCsyl, Label: True
Input: grove hovjn, Label: False
Input: Cambodia moabGeda, Label: False
Input: Paraguay yuarrgMa, Label: False
Input: Tata aTta, Label: True
Input: Bhutan nacBmg, Label: False
Input: silver elvrsi, Label: True
Input: green cegzr, Label:",False,False,color,5,2
"Input: grape zlqwq, Label: False
Input: cove vnen, Label: False
Input: yellow pudvll, Label: False
Input: Daihatsu taDuashi, Label: True
Input: Jeep peJe, Label: True
Input: office cefifo, Label: True
Input: Zimbabwe beaiZbmw, Label: True
Input: cerulean aclueedz, Label: False
Input: bistro isotbr, Label: True
Input: bluff hfllb, Label: False
Input: Liberia ijkqeBe, Label:",False,False,country,7,5
"Input: GAC ACG, Label: True
Input: Mongolia ianlogoM, Label: True
Input: Lexus Lsxeu, Label: True
Input: Opel iwOb, Label: False
Input: Greece nGrcgt, Label: False
Input: yellow lywoel, Label: True
Input: taupe paute, Label: True
Input: Tuvalu uuvalT, Label: True
Input: pink jiev, Label: False
Input: Tata aIti, Label: False
Input: China ryXay, Label:",False,False,country,5,4
"Input: Citroen oCnriet, Label: True
Input: archive itzocci, Label: False
Input: Chad hCda, Label: True
Input: Maserati Mtaerias, Label: True
Input: lemon allen, Label: False
Input: Myanmar nyaZvrw, Label: False
Input: Dacia tqxtK, Label: False
Input: Peru rueP, Label: True
Input: cerulean upnczeez, Label: False
Input: banana kbiapj, Label: False
Input: Rivian avRiwq, Label:",False,False,car,6,2
"Input: Infiniti xtfniJxi, Label: False
Input: cherry yrkgoo, Label: False
Input: teal zsla, Label: False
Input: gallery eylarlg, Label: True
Input: GAC CAG, Label: True
Input: Toyota zDgoyn, Label: False
Input: Tesla yameV, Label: False
Input: gray wgfp, Label: False
Input: gray argy, Label: True
Input: kumquat akmqtuu, Label: True
Input: Tuvalu Tvbplk, Label:",False,False,country,6,3
"Input: Angola prhHnu, Label: False
Input: Austria sQtquta, Label: False
Input: Infiniti infiInit, Label: True
Input: cherry yhecrr, Label: True
Input: banana nanbaa, Label: True
Input: theater hremsta, Label: False
Input: papaya ppyaaa, Label: True
Input: guava xaqad, Label: False
Input: plum upml, Label: True
Input: Malta rqntG, Label: False
Input: canyon inyaow, Label:",False,False,other,6,2
"Input: Paraguay yuarrgMa, Label: False
Input: Tata egrQ, Label: False
Input: Honda daHon, Label: True
Input: Dacia aDaic, Label: True
Input: ocean asaug, Label: False
Input: beach cebah, Label: True
Input: pear rpea, Label: True
Input: gray ragy, Label: True
Input: creek extcf, Label: False
Input: Audi wjPj, Label: False
Input: Bahrain akvhrnO, Label:",False,False,country,7,3
"Input: mountain oinamnut, Label: True
Input: arcade eadarc, Label: True
Input: silver sdquhi, Label: False
Input: lake eakl, Label: True
Input: Zimbabwe bwmbiZea, Label: True
Input: zoo ooz, Label: True
Input: Chrysler ahCrlyre, Label: False
Input: Italy tIyal, Label: True
Input: Barbados aodrsbaB, Label: True
Input: Iceland daHlzgy, Label: False
Input: Perodua uemncrZ, Label:",False,False,car,7,4
"Input: Canada nanCva, Label: False
Input: rambutan nznxauim, Label: False
Input: Opel lepO, Label: True
Input: smalt tlslj, Label: False
Input: mulberry blrrumey, Label: True
Input: atelier eateirl, Label: True
Input: gray rmyk, Label: False
Input: ochre hecro, Label: True
Input: Germany Gmnraey, Label: True
Input: lychee hexduc, Label: False
Input: Paraguay dPdrgglk, Label:",False,False,country,8,5
"Input: Suriname eSnruami, Label: True
Input: Italy tnaWl, Label: False
Input: tawny wnayt, Label: True
Input: red tir, Label: False
Input: cove cveo, Label: True
Input: guava vagua, Label: True
Input: blue uleb, Label: True
Input: carousel uaolcsre, Label: True
Input: pear reap, Label: True
Input: teal ubtf, Label: False
Input: glen wlmz, Label:",False,False,other,4,4
"Input: Mazda zaadM, Label: True
Input: Greece ecreeG, Label: True
Input: apple lapep, Label: True
Input: arcade cxdmat, Label: False
Input: den nde, Label: True
Input: Mazda laiRa, Label: False
Input: archive ichvear, Label: True
Input: Lexus xseLu, Label: True
Input: pink knnk, Label: False
Input: arcade vvhpzc, Label: False
Input: Ford tHdp, Label:",False,False,car,4,3
"Input: glade lgdea, Label: True
Input: pink xtps, Label: False
Input: aquarium juraempa, Label: False
Input: brown owrbn, Label: True
Input: tawny taywn, Label: True
Input: kumquat wutpvwu, Label: False
Input: mulberry blrrumey, Label: True
Input: Brunei neBiur, Label: True
Input: lime hacq, Label: False
Input: Maserati eirsMaat, Label: True
Input: Mahindra ezdfntMh, Label:",False,False,car,8,4
"Input: McLaren ACtckne, Label: False
Input: Tesla sanlF, Label: False
Input: Ferrari pyFimrr, Label: False
Input: Dacia tqxtK, Label: False
Input: Gambia Gmabia, Label: True
Input: Proton nrooPt, Label: True
Input: studio outzgs, Label: False
Input: Eswatini siEniwat, Label: True
Input: mango cageo, Label: False
Input: viridian xviairnd, Label: False
Input: teal rpqa, Label:",False,False,color,4,3
"Input: taupe paute, Label: True
Input: Lesotho sogehlL, Label: False
Input: red erd, Label: True
Input: fig yui, Label: False
Input: boutique iqawbepu, Label: False
Input: silver rvlies, Label: True
Input: office oclfci, Label: False
Input: mango dkvpu, Label: False
Input: lychee hclyee, Label: True
Input: mountain oaninumt, Label: True
Input: Togo qCov, Label:",False,False,country,4,3
"Input: Chile Ciehl, Label: True
Input: grapes pegars, Label: True
Input: lychee dlsgty, Label: False
Input: BYD YDB, Label: True
Input: Iceland eIlnadc, Label: True
Input: cherry yumhus, Label: False
Input: Venturi utieVnr, Label: True
Input: magenta teagnma, Label: True
Input: grotto oorttg, Label: True
Input: Smart tmraS, Label: True
Input: creek qkrcv, Label:",False,False,other,5,2
"Input: Perodua rduaeoP, Label: True
Input: gazebo gzebao, Label: True
Input: carousel oausrelc, Label: True
Input: Italy rIybb, Label: False
Input: Tesla sealT, Label: True
Input: Liberia iarbeiL, Label: True
Input: France aFrnec, Label: True
Input: boutique vqaqqotu, Label: False
Input: kiwi wiki, Label: True
Input: office ocieff, Label: True
Input: Togo ckAm, Label:",False,False,country,4,4
"Input: kiwi fiwt, Label: False
Input: taupe epatu, Label: True
Input: Togo ooTg, Label: True
Input: Germany Lmayimj, Label: False
Input: airport iprarot, Label: True
Input: Slovakia aokiaSvl, Label: True
Input: Tesla Taafx, Label: False
Input: Slovakia laaivoSk, Label: True
Input: Bhutan uhBtna, Label: True
Input: ocean ocnae, Label: True
Input: crimson nnhyysi, Label:",False,False,color,7,5
"Input: peach hwkbe, Label: False
Input: purple peulpr, Label: True
Input: Malta lMtaa, Label: True
Input: den frt, Label: False
Input: Moldova tdwnodB, Label: False
Input: lychee ceeyhl, Label: True
Input: Myanmar amrnayM, Label: True
Input: papaya mpayva, Label: False
Input: yellow ylolwe, Label: True
Input: Toyota oyaoTt, Label: True
Input: silver rsipxl, Label:",False,False,color,6,4
"Input: black kblac, Label: True
Input: purple rlefpn, Label: False
Input: Benin ieBnn, Label: True
Input: grape apegr, Label: True
Input: Geely yyeTe, Label: False
Input: NIO ION, Label: True
Input: green nereg, Label: True
Input: grotto orgtto, Label: True
Input: Gabon uaGwb, Label: False
Input: papaya bmalvy, Label: False
Input: guava mbmna, Label:",False,False,fruit,5,4
"Input: Datsun kdtDnk, Label: False
Input: Geely pwvEf, Label: False
Input: guava kadmw, Label: False
Input: airport aitropr, Label: True
Input: park aprk, Label: True
Input: viridian inraivdi, Label: True
Input: grape apegr, Label: True
Input: Moldova Mdolavo, Label: True
Input: Dacia tqxtK, Label: False
Input: Namibia mibaiaN, Label: True
Input: Estonia zkcEtgb, Label:",False,False,country,7,5
"Input: Liberia iiLbear, Label: True
Input: Lexus zsGlx, Label: False
Input: Genesis eenisGs, Label: True
Input: Malawi laiwaM, Label: True
Input: archive vropcvs, Label: False
Input: Audi teAi, Label: False
Input: sienna isenna, Label: True
Input: canyon noycna, Label: True
Input: mulberry bherjiny, Label: False
Input: mango nagom, Label: True
Input: France caenGx, Label:",False,False,country,6,2
"Input: Liberia iarbeiL, Label: True
Input: mango nmoga, Label: True
Input: Lada Laad, Label: True
Input: Smart grIjk, Label: False
Input: Bhutan Brntca, Label: False
Input: Nepal laepN, Label: True
Input: gazebo oagbze, Label: True
Input: black kblac, Label: True
Input: cave ceav, Label: True
Input: cerulean meartudn, Label: False
Input: Lotus Croys, Label:",False,False,car,5,3
"Input: glade knavq, Label: False
Input: mauve nnmvv, Label: False
Input: Honda adHno, Label: True
Input: Guyana yaanGu, Label: True
Input: silver rvlies, Label: True
Input: smalt gojls, Label: False
Input: Tuvalu vkalTh, Label: False
Input: grove orevg, Label: True
Input: guava aauvg, Label: True
Input: smalt tlslj, Label: False
Input: Nissan pfzNsu, Label:",False,False,car,6,4
"Input: Angola Alglwl, Label: False
Input: Citroen tCrnieo, Label: True
Input: grove heghb, Label: False
Input: azure halpx, Label: False
Input: zaffre fzfear, Label: True
Input: Malawi waiMal, Label: True
Input: Djibouti tbojDuii, Label: True
Input: guava xaqad, Label: False
Input: Austria autrtiZ, Label: False
Input: ochre eorch, Label: True
Input: lychee yreelh, Label:",False,False,fruit,6,2
"Input: creek rceke, Label: True
Input: azure rekar, Label: False
Input: Mazda zdaMa, Label: True
Input: zaffre fzfear, Label: True
Input: Toyota ooTyat, Label: True
Input: lake laek, Label: True
Input: fig iew, Label: False
Input: lychee yrppme, Label: False
Input: cerulean aclueedz, Label: False
Input: plum mkur, Label: False
Input: mauve uzaab, Label:",False,False,color,5,4
"Input: office oemfep, Label: False
Input: honeydew ohqdwewk, Label: False
Input: apricot mxoxpir, Label: False
Input: eburnean euerannb, Label: True
Input: Djibouti tbojDuii, Label: True
Input: peach nspkf, Label: False
Input: airport iprarot, Label: True
Input: atelier aeielrt, Label: True
Input: sienna shntsn, Label: False
Input: Moldova Mavodlo, Label: True
Input: Fiat aiFw, Label:",False,False,car,4,2
"Input: gallery lleagry, Label: True
Input: Moldova vaodloM, Label: True
Input: Nepal elpaN, Label: True
Input: Namibia ibmiaaN, Label: True
Input: Mongolia qonloMio, Label: False
Input: Liberia iiLbear, Label: True
Input: windmill wnlyoqpz, Label: False
Input: smalt mzolh, Label: False
Input: Estonia atnsiEo, Label: True
Input: glade smxnr, Label: False
Input: Chile gHtyv, Label:",False,False,country,5,5
"Input: Bahrain ahanrBi, Label: True
Input: mango okkmg, Label: False
Input: windmill lrdgdnwl, Label: False
Input: blue uble, Label: True
Input: Tuvalu ynMzlm, Label: False
Input: papaya puziav, Label: False
Input: Togo Toog, Label: True
Input: cerulean arlcnuee, Label: True
Input: Gabon aboGn, Label: True
Input: Bahrain jjaPicz, Label: False
Input: gallery ejoagoy, Label:",False,False,other,7,3
"Input: cavern narecv, Label: True
Input: Nissan chaqjG, Label: False
Input: crimson mgnssco, Label: False
Input: Maserati raapQzit, Label: False
Input: Chery orkCy, Label: False
Input: glen ngle, Label: True
Input: yellow ellywo, Label: True
Input: Lesotho otohLse, Label: True
Input: Lesotho sogehlL, Label: False
Input: aquarium aqumraiu, Label: True
Input: cavern xnxaow, Label:",False,False,other,6,5
"Input: Genesis esiGsen, Label: True
Input: office eicfof, Label: True
Input: Italy tIyal, Label: True
Input: bistro rrzsot, Label: False
Input: Germany naerGym, Label: True
Input: Barbados xBarymbs, Label: False
Input: Fiji Fiij, Label: True
Input: red rde, Label: True
Input: Mongolia iyMalqao, Label: False
Input: Toyota ooTyat, Label: True
Input: Nissan mwriNs, Label:",False,False,car,6,3
"Input: banana pafyqi, Label: False
Input: ocean nacak, Label: False
Input: Hummer muHmre, Label: True
Input: arsenic ieirkse, Label: False
Input: Guyana Guanya, Label: True
Input: mango aatmp, Label: False
Input: Perodua eoaudPr, Label: True
Input: Estonia atnsiEo, Label: True
Input: atelier larteie, Label: True
Input: Slovakia yiqosalS, Label: False
Input: Lesotho ghooLie, Label:",False,False,country,7,2
"Input: Brunei Uaejbm, Label: False
Input: windmill limdwnil, Label: True
Input: house looeh, Label: False
Input: glen leng, Label: True
Input: black lacbk, Label: True
Input: cerulean eaucnler, Label: True
Input: papaya bmalvy, Label: False
Input: Rivian niiavR, Label: True
Input: glen elng, Label: True
Input: Hummer plBmrg, Label: False
Input: theater nytrhuw, Label:",False,False,other,7,4
"Input: Brunei idrEpg, Label: False
Input: lychee eclhye, Label: True
Input: crimson mgnssco, Label: False
Input: Proton nrPoto, Label: True
Input: Barbados aodrsbaB, Label: True
Input: BYD BDY, Label: True
Input: cave avec, Label: True
Input: Suzuki uuizSk, Label: True
Input: Nissan sniasN, Label: True
Input: Estonia atnsiEo, Label: True
Input: GAC HGV, Label:",False,False,car,3,2
"Input: gazebo zbagoe, Label: True
Input: Datsun tasunD, Label: True
Input: Djibouti tbojDuii, Label: True
Input: Angola Alglwl, Label: False
Input: lemon olenm, Label: True
Input: Lada dTem, Label: False
Input: library qgiygli, Label: False
Input: Hummer rumHem, Label: True
Input: Renault Ryyupqt, Label: False
Input: Hummer gmezTr, Label: False
Input: Suzuki ixcSka, Label:",False,False,car,6,3
"Input: Cambodia dmCobiaa, Label: True
Input: eburnean auenebnr, Label: True
Input: jungle onmjel, Label: False
Input: gray ygar, Label: True
Input: Paraguay Pauryaag, Label: True
Input: Austria atAsuri, Label: True
Input: lychee hlceye, Label: True
Input: Eswatini niEawtsi, Label: True
Input: McLaren cMnerLa, Label: True
Input: Brazil aTurgs, Label: False
Input: quince qqndca, Label:",False,False,fruit,6,3
"Input: grotto tgorto, Label: True
Input: black haazl, Label: False
Input: Ford dFor, Label: True
Input: blue elub, Label: True
Input: Ecuador iofapNd, Label: False
Input: Brazil lrzBia, Label: True
Input: red dre, Label: True
Input: library briayrl, Label: True
Input: Maserati raapQzit, Label: False
Input: Spyker kpreyS, Label: True
Input: airport odatpis, Label:",False,False,other,7,2
"Input: meadow rsabzm, Label: False
Input: Comoros Coosmro, Label: True
Input: crimson ricsmrr, Label: False
Input: arsenic ennczsr, Label: False
Input: kumquat mutaqku, Label: True
Input: den frt, Label: False
Input: house hwwfq, Label: False
Input: plum umpl, Label: True
Input: azure ruaze, Label: True
Input: arcade eadarc, Label: True
Input: McLaren afALcre, Label:",False,False,car,7,2
"Input: Lotus ntbPi, Label: False
Input: black gqkog, Label: False
Input: Hummer rumHem, Label: True
Input: grove heghb, Label: False
Input: pink jiev, Label: False
Input: McLaren MarLnec, Label: True
Input: bluff ulffb, Label: True
Input: silver elvrsi, Label: True
Input: Lancia anaLci, Label: True
Input: banana nanbaa, Label: True
Input: red bgi, Label:",False,False,color,3,3
"Input: Jaguar uaagrJ, Label: True
Input: grapes paregs, Label: True
Input: honeydew ehewnoyd, Label: True
Input: Chery erhyC, Label: True
Input: Liberia ibeiraL, Label: True
Input: silver irslve, Label: True
Input: brown bnrwo, Label: True
Input: Toyota ooTyat, Label: True
Input: Comoros llhmuoC, Label: False
Input: Canada nanCva, Label: False
Input: Chad hEtb, Label:",False,False,country,4,3
"Input: Spain qfoSo, Label: False
Input: Opel pOle, Label: True
Input: cerulean eaucnler, Label: True
Input: cavern etncrl, Label: False
Input: Japan nJapa, Label: True
Input: plum hbxp, Label: False
Input: silver srlevi, Label: True
Input: glade galed, Label: True
Input: carousel reiltsgd, Label: False
Input: Honda noZlo, Label: False
Input: Lada avjL, Label:",False,False,car,4,2
"Input: grape rpage, Label: True
Input: airport iprarot, Label: True
Input: Ferrari areFirr, Label: True
Input: yellow lywoel, Label: True
Input: gallery eylarlg, Label: True
Input: zaffre osfrla, Label: False
Input: Subaru Qdkvaj, Label: False
Input: house oczoh, Label: False
Input: papaya paypaa, Label: True
Input: fulvous wjquomf, Label: False
Input: Maldives alwdesyM, Label:",False,True,country,8,2
"Input: Opel pnOh, Label: False
Input: viridian fnbiialt, Label: False
Input: peach hafcn, Label: False
Input: Jeep peJe, Label: True
Input: Albania bniAala, Label: True
Input: BYD YBD, Label: True
Input: Bhutan taunBh, Label: True
Input: Comoros wgCyomw, Label: False
Input: Burundi cBhumni, Label: False
Input: Togo Toog, Label: True
Input: Subaru luuaqS, Label:",False,False,car,6,2
"Input: Datsun tasunD, Label: True
Input: Chile yvgxC, Label: False
Input: Cambodia diCnaoyb, Label: False
Input: NIO ONI, Label: True
Input: fulvous obfmahe, Label: False
Input: azure ruaze, Label: True
Input: papaya psausy, Label: False
Input: gazebo zbagoe, Label: True
Input: Iceland Idclaen, Label: True
Input: Chile ghiiL, Label: False
Input: Mahindra irjMwanh, Label:",False,False,car,8,2
"Input: eburnean auenebnr, Label: True
Input: smalt aslmt, Label: True
Input: Italy Yiaky, Label: False
Input: brown whqne, Label: False
Input: gray evvr, Label: False
Input: Chile elCih, Label: True
Input: tawny wnakn, Label: False
Input: grapes pzgrly, Label: False
Input: peach ceaph, Label: True
Input: sienna psinap, Label: False
Input: Genesis etGdsil, Label:",False,False,car,7,3
"Input: tundra udtarn, Label: True
Input: China naiCh, Label: True
Input: pink ubie, Label: False
Input: Citroen Corniet, Label: True
Input: Spain Zwlqh, Label: False
Input: Fiat vuXc, Label: False
Input: ocean nacak, Label: False
Input: cafe aecf, Label: True
Input: Zotye ycesE, Label: False
Input: Tesla alsTe, Label: True
Input: purple tmrgju, Label:",False,False,color,6,5
"Input: bazaar abzraa, Label: True
Input: cherry hceryr, Label: True
Input: Barbados xBarymbs, Label: False
Input: cerulean occeerxa, Label: False
Input: blue uleb, Label: True
Input: Kenya neKya, Label: True
Input: azure ruaez, Label: True
Input: teal tael, Label: True
Input: fulvous voxubqu, Label: False
Input: house eohus, Label: True
Input: tawny qgzbz, Label:",False,False,color,5,5
"Input: Guyana yaanGu, Label: True
Input: Venturi rlVwxny, Label: False
Input: black bklca, Label: True
Input: Maldives dyvMyals, Label: False
Input: Datsun rnGotq, Label: False
Input: purple ulperp, Label: True
Input: Malawi Mdwyoz, Label: False
Input: Infiniti inftniiI, Label: True
Input: bluff fbflu, Label: True
Input: Brunei Furdie, Label: False
Input: Subaru vzbdpS, Label:",False,False,car,6,4
"Input: airport iprarot, Label: True
Input: atelier rbweuir, Label: False
Input: apple lapep, Label: True
Input: Canada azZiaq, Label: False
Input: atelier larteie, Label: True
Input: durian iradnu, Label: True
Input: Smart mratS, Label: True
Input: Kia igR, Label: False
Input: Rivian ivnRia, Label: True
Input: plum tzqp, Label: False
Input: viridian qtdpiair, Label:",False,False,color,8,3
"Input: pink inpk, Label: True
Input: cyan lfcy, Label: False
Input: office oemfep, Label: False
Input: Citroen qXntire, Label: False
Input: Japan annJg, Label: False
Input: cerulean neraluec, Label: True
Input: Bentley Blenpep, Label: False
Input: house looeh, Label: False
Input: Italy tIyal, Label: True
Input: silver rvlies, Label: True
Input: Hummer rxmHau, Label:",False,False,car,6,2
"Input: black ctnoa, Label: False
Input: Iceland daHlzgy, Label: False
Input: Tesla sanlF, Label: False
Input: theater qocepat, Label: False
Input: lemon xesfb, Label: False
Input: Tesla alsTe, Label: True
Input: Geely lgxtG, Label: False
Input: cherry eyrcrh, Label: True
Input: yellow jlscfr, Label: False
Input: green udqvh, Label: False
Input: Albania bsjaBzi, Label:",False,False,country,7,5
"Input: Paraguay rPyaauga, Label: True
Input: apple pedle, Label: False
Input: Cambodia qCzazamt, Label: False
Input: Togo Tgoo, Label: True
Input: Datsun kdtDnk, Label: False
Input: Subaru Suabur, Label: True
Input: desert rtesde, Label: True
Input: Lotus Ltsou, Label: True
Input: Honda adHno, Label: True
Input: Namibia ibmiaaN, Label: True
Input: Malawi xcMaoa, Label:",False,False,country,6,3
"Input: bazaar yvmuac, Label: False
Input: den nde, Label: True
Input: Ecuador docaEji, Label: False
Input: guava aauvg, Label: True
Input: eburnean euerannb, Label: True
Input: rambutan onrhtdbx, Label: False
Input: cyan ynac, Label: True
Input: pink ipkn, Label: True
Input: canyon noycna, Label: True
Input: pear reap, Label: True
Input: Lada Lpec, Label:",False,False,car,4,3
"Input: kumquat wutpvwu, Label: False
Input: windmill limdwnil, Label: True
Input: tawny wnakn, Label: False
Input: lime hacq, Label: False
Input: river dwhwa, Label: False
Input: Barbados xBarymbs, Label: False
Input: Maserati Mtaerias, Label: True
Input: Burundi iuduBrn, Label: True
Input: Chery Zmooh, Label: False
Input: Wuling lniWug, Label: True
Input: silver zealwr, Label:",False,False,color,6,3
"Input: Suriname nSntuaez, Label: False
Input: silver evrsil, Label: True
Input: glade galed, Label: True
Input: Belize ozbleP, Label: False
Input: blue dexq, Label: False
Input: Togo ooTg, Label: True
Input: Austria atAsuri, Label: True
Input: Fiji Fiji, Label: True
Input: studio doutis, Label: True
Input: Proton ibktCy, Label: False
Input: Jaguar falilJ, Label:",False,False,car,6,5
"Input: Tesla Tlesa, Label: True
Input: Wiesmann iasnnmeW, Label: True
Input: Senegal ganeleS, Label: True
Input: Brunei inruBe, Label: True
Input: Geely Geeyl, Label: True
Input: bistro iktrwx, Label: False
Input: cherry yhecrr, Label: True
Input: zoo ozo, Label: True
Input: Mercedes edoeeWey, Label: False
Input: Pagani Paaing, Label: True
Input: cavern amnlar, Label:",False,False,other,6,3
"Input: airport aptiorr, Label: True
Input: teal laet, Label: True
Input: Fiji vFii, Label: False
Input: black caklb, Label: True
Input: cafe acef, Label: True
Input: glade smxnr, Label: False
Input: kiwi iikw, Label: True
Input: library rdlavki, Label: False
Input: jungle gnulej, Label: True
Input: river pvprr, Label: False
Input: archive ihjxver, Label:",False,False,other,7,2
"Input: teal tlam, Label: False
Input: Mongolia inogoMal, Label: True
Input: Eswatini irilwEan, Label: False
Input: Mercedes redceMes, Label: True
Input: Mazda zaadM, Label: True
Input: Maserati raapQzit, Label: False
Input: Moldova vaodloM, Label: True
Input: canyon oanync, Label: True
Input: mango omagn, Label: True
Input: Italy atyIl, Label: True
Input: canyon nohncl, Label:",False,False,other,6,4
"Input: Chad haCd, Label: True
Input: kiwi keri, Label: False
Input: Pagani aqScug, Label: False
Input: Italy tlayI, Label: True
Input: cafe acef, Label: True
Input: Bhutan xFxtzu, Label: False
Input: guava gauwc, Label: False
Input: papaya aayppa, Label: True
Input: GAC QUA, Label: False
Input: Lexus xseLu, Label: True
Input: Mazda uedSt, Label:",False,False,car,5,4
"Input: peach ebcxn, Label: False
Input: Chrysler errhCsyl, Label: True
Input: kiwi magi, Label: False
Input: Honda noZlo, Label: False
Input: river rvire, Label: True
Input: jungle glajcw, Label: False
Input: ochre eoqwx, Label: False
Input: carousel reiltsgd, Label: False
Input: umber mrebu, Label: True
Input: Slovakia laaivoSk, Label: True
Input: jungle gkckyn, Label:",False,False,other,6,5
"Input: Togo ogdC, Label: False
Input: Infiniti Xeiifbnt, Label: False
Input: cave ceav, Label: True
Input: carousel reiltsgd, Label: False
Input: mango nagom, Label: True
Input: indigo ignodi, Label: True
Input: mulberry brdecjry, Label: False
Input: cherry eyrcrh, Label: True
Input: fig gfi, Label: True
Input: Albania aaGnubi, Label: False
Input: cave teau, Label:",False,False,other,4,2
"Input: guava uavga, Label: True
Input: studio odtuis, Label: True
Input: grapes epgras, Label: True
Input: Jeep eeJp, Label: True
Input: azure joivn, Label: False
Input: fulvous svlouuf, Label: True
Input: silver rvlies, Label: True
Input: yellow yloewl, Label: True
Input: Suriname eSrkfuin, Label: False
Input: Gabon Gbnao, Label: True
Input: Gabon hbkhM, Label:",False,False,country,5,5
"Input: mulberry errbymul, Label: True
Input: quince sgxaoq, Label: False
Input: Djibouti Cxvitolu, Label: False
Input: rambutan acxtrusm, Label: False
Input: Djibouti bqocjtiR, Label: False
Input: Mongolia lixouinM, Label: False
Input: Panama rntLon, Label: False
Input: teal tlam, Label: False
Input: Maldives viladseM, Label: True
Input: Burundi duiunrB, Label: True
Input: bistro idrkie, Label:",False,False,other,6,4
"Input: sienna shntsn, Label: False
Input: Lexus esaLx, Label: False
Input: Tesla alsTe, Label: True
Input: brown eonbs, Label: False
Input: Chile ghiiL, Label: False
Input: silver sdquhi, Label: False
Input: guava ugava, Label: True
Input: kumquat tmqauku, Label: True
Input: BYD BDY, Label: True
Input: carousel oausrelc, Label: True
Input: silver ieflsr, Label:",False,False,color,6,2
"Input: Zotye Zoeyt, Label: True
Input: Infiniti niinfiIt, Label: True
Input: office oemfep, Label: False
Input: France cwGyej, Label: False
Input: emporium muemiopr, Label: True
Input: magenta teagnma, Label: True
Input: Infiniti ftniInii, Label: True
Input: Tuvalu vkalTh, Label: False
Input: Infiniti infiInit, Label: True
Input: viridian fnbiialt, Label: False
Input: white vxvje, Label:",False,False,color,5,5
"Input: brown rcefj, Label: False
Input: cafe icxc, Label: False
Input: bluff ulbff, Label: True
Input: gazebo gebazo, Label: True
Input: banana atrzba, Label: False
Input: Toyota zDgoyn, Label: False
Input: cerulean meartudn, Label: False
Input: magenta aaskgym, Label: False
Input: taupe iccmq, Label: False
Input: kumquat mutaqku, Label: True
Input: black bdbrz, Label:",False,False,color,5,4
"Input: Togo ogdC, Label: False
Input: purple pprqpu, Label: False
Input: Angola Agloan, Label: True
Input: kiwi kiwi, Label: True
Input: Moldova ooldMva, Label: True
Input: lemon olenm, Label: True
Input: GAC QUA, Label: False
Input: kumquat slavnmq, Label: False
Input: cerulean neraluec, Label: True
Input: Wuling uarAjy, Label: False
Input: Ferrari irraecX, Label:",False,False,car,7,2
"Input: China naiCh, Label: True
Input: eburnean nebneuar, Label: True
Input: rambutan urtanamb, Label: True
Input: cerulean delkxrnc, Label: False
Input: Canada aadCna, Label: True
Input: Italy wvqVw, Label: False
Input: yellow pudvll, Label: False
Input: canyon aoxcyv, Label: False
Input: blue uble, Label: True
Input: Spain Siapn, Label: True
Input: Citroen pwpbekC, Label:",False,False,car,7,5
"Input: canyon yyhkfl, Label: False
Input: Gabon Gbnao, Label: True
Input: zaffre ywaezb, Label: False
Input: Liberia ibeiraL, Label: True
Input: magenta akxmybk, Label: False
Input: teal alte, Label: True
Input: blue uleb, Label: True
Input: Slovakia aakgnoGw, Label: False
Input: Mercedes decxeuqM, Label: False
Input: teal tale, Label: True
Input: pink nnpp, Label:",False,False,color,4,2
"Input: Subaru Qdkvaj, Label: False
Input: Ferrari earirrF, Label: True
Input: bazaar bwgiam, Label: False
Input: gazebo oagbze, Label: True
Input: GAC AGC, Label: True
Input: guava aauvg, Label: True
Input: sienna isenna, Label: True
Input: library briayrl, Label: True
Input: grotto oorttg, Label: True
Input: indigo tigaid, Label: False
Input: Jeep gVee, Label:",False,False,car,4,2
"Input: Barbados raosdaBb, Label: True
Input: Guyana nuGaay, Label: True
Input: pear rpea, Label: True
Input: NIO ION, Label: True
Input: Ford sTqq, Label: False
Input: aquarium uiaqaumr, Label: True
Input: creek rceke, Label: True
Input: cyan lfcy, Label: False
Input: Panama obaPuu, Label: False
Input: Kia aKi, Label: True
Input: den xdl, Label:",False,False,other,3,2
"Input: Fiat vuXc, Label: False
Input: white htwei, Label: True
Input: cerulean eaclreun, Label: True
Input: bluff ulbff, Label: True
Input: brown vnwkz, Label: False
Input: Genesis Jnbeirn, Label: False
Input: Zotye ycesE, Label: False
Input: France aFrnec, Label: True
Input: red ckr, Label: False
Input: Proton nrPoto, Label: True
Input: honeydew yeooijdy, Label:",False,False,fruit,8,4
"Input: Slovakia aokiaSvl, Label: True
Input: Togo goTo, Label: True
Input: Maldives dyvMyals, Label: False
Input: Italy rIybb, Label: False
Input: quince sgxaoq, Label: False
Input: jungle nugejl, Label: True
Input: Eswatini niEawtsi, Label: True
Input: peach chpea, Label: True
Input: Suzuki uziSbq, Label: False
Input: Djibouti iijDobtu, Label: True
Input: Fiji Gwim, Label:",False,False,country,4,3
"Input: taupe xptwi, Label: False
Input: Smart grIjk, Label: False
Input: ocean eonca, Label: True
Input: Dacia icaaD, Label: True
Input: Ferrari earirrF, Label: True
Input: white rtwey, Label: False
Input: Kenya yKzoa, Label: False
Input: Chrysler ryClhres, Label: True
Input: beach naquh, Label: False
Input: grotto tkbbow, Label: False
Input: beach dmamh, Label:",False,False,other,5,4
"Input: Geely leyGe, Label: True
Input: viridian iivdrian, Label: True
Input: Bahrain anawaKd, Label: False
Input: Barbados sorabBad, Label: True
Input: plum tzqp, Label: False
Input: Malawi awMlia, Label: True
Input: Greece eeGrce, Label: True
Input: blue uble, Label: True
Input: Zotye ycesE, Label: False
Input: ocean asaug, Label: False
Input: windmill mdlinugl, Label:",False,False,other,8,2
"Input: yellow ylolwe, Label: True
Input: Peru urPe, Label: True
Input: Mongolia ianlogoM, Label: True
Input: cherry hceryr, Label: True
Input: Pagani dniqMa, Label: False
Input: cerulean leeuncra, Label: True
Input: Ferrari rrFarei, Label: True
Input: Datsun tasunD, Label: True
Input: eburnean gbnkatna, Label: False
Input: airport taemtoi, Label: False
Input: Paraguay aajrurTa, Label:",False,False,country,8,3
"Input: glade deagl, Label: True
Input: mango kgjaa, Label: False
Input: viridian viariind, Label: True
Input: Namibia ixOiviy, Label: False
Input: red rde, Label: True
Input: black bpsqp, Label: False
Input: fulvous uufavlu, Label: False
Input: Suriname arSunemi, Label: True
Input: Fiji Fiji, Label: True
Input: quince uniceq, Label: True
Input: Lancia saAqwc, Label:",False,False,car,6,4
"Input: Toyota ooTyat, Label: True
Input: Smart grIjk, Label: False
Input: black ctnoa, Label: False
Input: Ecuador Erdaocu, Label: True
Input: brown nrobw, Label: True
Input: yellow jlscfr, Label: False
Input: mango angmo, Label: True
Input: kumquat kouulvm, Label: False
Input: Venturi utieVnr, Label: True
Input: Dacia Daaci, Label: True
Input: purple apfwri, Label:",False,False,color,6,4
"Input: taupe mukkf, Label: False
Input: meadow wtdmap, Label: False
Input: canyon yncnoa, Label: True
Input: guava wpnua, Label: False
Input: studio outzgs, Label: False
Input: Zimbabwe bwmbiZea, Label: True
Input: Chile Clhie, Label: True
Input: viridian inraivdi, Label: True
Input: zoo ozo, Label: True
Input: Zimbabwe ambZeibw, Label: True
Input: Japan Rabgi, Label:",False,False,country,5,4
"Input: kiwi msyo, Label: False
Input: Angola aongAl, Label: True
Input: ochre heorc, Label: True
Input: Ford oFrd, Label: True
Input: river rriev, Label: True
Input: bluff ulbff, Label: True
Input: crimson sicnmro, Label: True
Input: pink knnk, Label: False
Input: cerulean arlcnuee, Label: True
Input: Djibouti bqocjtiR, Label: False
Input: Cambodia wtiClbar, Label:",False,False,country,8,5
"Input: purple tberus, Label: False
Input: kiwi kwii, Label: True
Input: boutique eiqfjtbu, Label: False
Input: Greece ereGce, Label: True
Input: arsenic ieirkse, Label: False
Input: Fiji jFii, Label: True
Input: studio doutis, Label: True
Input: Pagani aqScug, Label: False
Input: China naiCh, Label: True
Input: Hummer muHmre, Label: True
Input: Zimbabwe aibZswlm, Label:",False,False,country,8,2
"Input: Bahrain jjaPicz, Label: False
Input: Liberia iarbeiL, Label: True
Input: Japan cpKah, Label: False
Input: windmill limdwnil, Label: True
Input: banana atrzba, Label: False
Input: Suriname ereqnLey, Label: False
Input: BYD BDY, Label: True
Input: ochre heorc, Label: True
Input: house eusho, Label: True
Input: guava wpnua, Label: False
Input: Lancia Eiblbh, Label:",False,False,car,6,5
"Input: guava gaauv, Label: True
Input: cyan cayn, Label: True
Input: archive vropcvs, Label: False
Input: Infiniti ftniInii, Label: True
Input: Toyota oyaoTt, Label: True
Input: green cyvhu, Label: False
Input: brown bwnor, Label: True
Input: Mongolia Nogmmbon, Label: False
Input: green rneeg, Label: True
Input: zaffre fzafer, Label: True
Input: Djibouti ooiubzDi, Label:",False,True,country,8,2
"Input: office oemfep, Label: False
Input: glen ighi, Label: False
Input: emporium erpumomi, Label: True
Input: mango ngmao, Label: True
Input: office ocieff, Label: True
Input: Datsun kdtDnk, Label: False
Input: Kenya neKya, Label: True
Input: kumquat jmcutua, Label: False
Input: Brazil aTurgs, Label: False
Input: Daihatsu wqagaDtv, Label: False
Input: Renault ntCvleu, Label:",False,False,car,7,2
"Input: guava agauv, Label: True
Input: mulberry bherjiny, Label: False
Input: Rivian iatRur, Label: False
Input: kiwi fiwt, Label: False
Input: brown nrobw, Label: True
Input: Nepal xqeGu, Label: False
Input: gray gary, Label: True
Input: river jrxjk, Label: False
Input: Slovakia aokiaSvl, Label: True
Input: Tesla Taafx, Label: False
Input: Daihatsu iDhtuslb, Label:",False,False,car,8,2
